date,subreddit,avg_sentiment,sentiment_std,count,sentiment_breakdown
2021-02-23,Vitards,0.5181,,1,{'Positive': 1}
2021-07-23,civ,0.578,,1,{'Positive': 1}
2024-06-29,Law_and_Politics,-0.4829,,1,{'Negative': 1}
2024-11-13,phinvest,0.5352,,1,{'Positive': 1}
2025-01-31,stocks,-0.4978,,1,{'Negative': 1}
2025-02-03,phinvest,-0.3858,0.1217,2,{'Negative': 2}
2025-03-05,economicCollapse,-0.4723,,1,{'Negative': 1}
2025-03-27,stocks,0.4908,,1,{'Positive': 1}
2025-04-01,investing,-0.1043,,1,{'Negative': 1}
2025-04-01,stocks,-0.1043,,1,{'Negative': 1}
2025-04-04,QuiverQuantitative,0.025,,1,{'Neutral': 1}
2025-04-05,StLouis,-0.4082,,1,{'Negative': 1}
2025-04-06,collapse,-0.4592,,1,{'Negative': 1}
2025-04-10,stocks,0.5043,,1,{'Positive': 1}
2025-04-13,WallStreetbetsELITE,-0.4748,,1,{'Negative': 1}
2025-04-23,stocks,0.4627,,1,{'Positive': 1}
2025-04-24,phinvest,-0.0311,,1,{'Neutral': 1}
2025-04-27,collapse,-0.4681,,1,{'Negative': 1}
2025-05-12,SubredditDrama,-0.4522,,1,{'Negative': 1}
2025-05-19,SubredditDrama,0.543,,1,{'Positive': 1}
2025-06-01,BoycottUnitedStates,-0.4623,,1,{'Negative': 1}
2025-07-08,ShopifyeCommerce,0.553,,1,{'Positive': 1}
2025-07-08,ecommerce,0.5489,,1,{'Positive': 1}
2025-07-08,shopify,0.5503,,1,{'Positive': 1}
2025-07-10,Philippines,0.199,0.3714,2,"{'Neutral': 1, 'Positive': 1}"
2025-07-12,antiwork,-0.4518,,1,{'Negative': 1}
2025-07-14,phinvest,0.5043,,1,{'Positive': 1}
