date,datetime,source,type,subreddit,title,text,full_text,score,author,level,url,vader_compound,vader_positive,vader_negative,vader_neutral,textblob_polarity,combined_score,sentiment_label,text_length
2024-12-05,2024-12-05 14:16:17,Reddit,search_result,collapse,"Wow, collapse is happening right now. We, in this subreddit, were all right - now what?","So shockingly, right now we are literally experiencing cascading collapses.

Here is a list of all the current collapses:

1. **France** \-  Causes [Politics ](https://www.reuters.com/world/europe/view-frances-government-collapses-after-losing-confidence-vote-2024-12-04/)(ousted Prime Minister Michel Barnier based on austerity budget )
2. **South Korea** \-  Causes [Martial Law](https://www.nbcnews.com/news/world/south-korea-night-political-drama-turmoil-rcna182770?form=MG0AV3) (President Yoon Suk Yeol's attempt to impose martial law)
3. **The Philippines** \-  Causes [VP](https://apnews.com/article/philippines-marcos-duterte-assassination-threats-934fd103e380e1e1b7dad023ecd96ff2?form=MG0AV3) (Vice President Sara Duterte publicly threatened to have President Ferdinand Marcos Jr., his wife assassinated - causing mass destabilization)
4. **Germany** \-  Causes [Coalition ](https://apnews.com/article/germany-government-economy-scholz-trump-8e7f77fe36d711d7192a8c96a4c41353?form=MG0AV3)(The collapse of Germany‚Äôs governing coalition).
5. **Georgia** \-  Causes [not joining EU](https://www.aljazeera.com/news/2024/12/3/georgia-protests-whats-behind-them-and-whats-next?form=MG0AV3) (Tens of thousands protest against suspend negotiations to join EU)
6. (Older collapse news) **Ukraine** \- Causes land acquisition attempt by Russia
7. (Older collapse news) **Palestine** \- Causes US- funded Israeli occupation and aggression
8. (Older collapse news) **Sudan, DRC, Niger, Syria** \- Causes many
9. (Coming soon) **United States** \-  Causes a.) $36 trillion in debt, b.) Hyperinflation (tariffs + tax cuts = money printing/higher prices), c.) political upheaval
10. (Coming soon) **Canada** \- Causes (rising debt charges, higher interest rates, and concerns about financial stability)
11. (Coming soon) **Russia** \-  Causes Economy (Ruble falling due to sanctions)
12. (Coming soon) **UK** \- Causes a.) aging demographics b.) housing crisis c.) Economy
13. (Coming soon) **Italy** \-  Causes (scant GDP growth, political challenges)

The thing is, each of these are so diverse. It's not just G7 economies or Asia or Eastern Europe. For instance, the Philippines and South Korea's collapses are not caused by inflation or scaling wages. Also, France has such an extremely complex network of causes.

**My questions** are a.) Do you agree these are indicative of mass collapse? b.) Why is there so much apparent diversity in collapse causes?, c.) What do you think will come after this?

**Update:**    Thank you everyone for answering. Just to clarify:

1. There are various people who agreed with these and told their secrets for handling this - Thank you!
2. Various people have told me these are not collapse because governments are prone to be volatile - I don't think, say Ukraine being Invaded or the SK pres instituting martial law, etc. are everyday things but Thanks you for feedback!
3. Lastly, I see there's a culture here of climate doom specifically. Such that there were those who actually agree with me that collapse is happening but this list is invalid because I didn't include climate change or Donald Trump getting elected. To clarify , sure I think climate can be a cause not THE only cause of collapse. Also, MANY polities collapsed without current day climate alterations: Sumerians, Elamites, Babylonians, Phoenicians, Arameans, Egyptians, Aksumite Empire, Harappas, Dupta empire, Olmecs, Nazca, Incas, etc. You can completely have collapse (maybe even extinction) w/o climate being the cause. I understand this is important issue to many of you - I agree it's important. I think it's OK to agree to disagree that this is the only legitimate form of collapse given that such a vast amount of civilizations already collapsed not based on climate.

**Update II:**

In truth I wrote this because this essay ([here](https://link.springer.com/chapter/10.1007/978-3-030-94137-6_6) \- it's open source) was my introduction to the notion of global collapse. I just couldn't believe I was seeing everything they discussed literally finally happening (tipping points, synchronous failures, contagions, cascades) so I thought to make this post because I believe ""we're finally here"".","Wow, collapse is happening right now. We, in this subreddit, were all right - now what? So shockingly, right now we are literally experiencing cascading collapses.

Here is a list of all the current collapses:

1. **France** \-  Causes [Politics ](https://www.reuters.com/world/europe/view-frances-government-collapses-after-losing-confidence-vote-2024-12-04/)(ousted Prime Minister Michel Barnier based on austerity budget )
2. **South Korea** \-  Causes [Martial Law](https://www.nbcnews.com/news/world/south-korea-night-political-drama-turmoil-rcna182770?form=MG0AV3) (President Yoon Suk Yeol's attempt to impose martial law)
3. **The Philippines** \-  Causes [VP](https://apnews.com/article/philippines-marcos-duterte-assassination-threats-934fd103e380e1e1b7dad023ecd96ff2?form=MG0AV3) (Vice President Sara Duterte publicly threatened to have President Ferdinand Marcos Jr., his wife assassinated - causing mass destabilization)
4. **Germany** \-  Causes [Coalition ](https://apnews.com/article/germany-government-economy-scholz-trump-8e7f77fe36d711d7192a8c96a4c41353?form=MG0AV3)(The collapse of Germany‚Äôs governing coalition).
5. **Georgia** \-  Causes [not joining EU](https://www.aljazeera.com/news/2024/12/3/georgia-protests-whats-behind-them-and-whats-next?form=MG0AV3) (Tens of thousands protest against suspend negotiations to join EU)
6. (Older collapse news) **Ukraine** \- Causes land acquisition attempt by Russia
7. (Older collapse news) **Palestine** \- Causes US- funded Israeli occupation and aggression
8. (Older collapse news) **Sudan, DRC, Niger, Syria** \- Causes many
9. (Coming soon) **United States** \-  Causes a.) $36 trillion in debt, b.) Hyperinflation (tariffs + tax cuts = money printing/higher prices), c.) political upheaval
10. (Coming soon) **Canada** \- Causes (rising debt charges, higher interest rates, and concerns about financial stability)
11. (Coming soon) **Russia** \-  Causes Economy (Ruble falling due to sanctions)
12. (Coming soon) **UK** \- Causes a.) aging demographics b.) housing crisis c.) Economy
13. (Coming soon) **Italy** \-  Causes (scant GDP growth, political challenges)

The thing is, each of these are so diverse. It's not just G7 economies or Asia or Eastern Europe. For instance, the Philippines and South Korea's collapses are not caused by inflation or scaling wages. Also, France has such an extremely complex network of causes.

**My questions** are a.) Do you agree these are indicative of mass collapse? b.) Why is there so much apparent diversity in collapse causes?, c.) What do you think will come after this?

**Update:**    Thank you everyone for answering. Just to clarify:

1. There are various people who agreed with these and told their secrets for handling this - Thank you!
2. Various people have told me these are not collapse because governments are prone to be volatile - I don't think, say Ukraine being Invaded or the SK pres instituting martial law, etc. are everyday things but Thanks you for feedback!
3. Lastly, I see there's a culture here of climate doom specifically. Such that there were those who actually agree with me that collapse is happening but this list is invalid because I didn't include climate change or Donald Trump getting elected. To clarify , sure I think climate can be a cause not THE only cause of collapse. Also, MANY polities collapsed without current day climate alterations: Sumerians, Elamites, Babylonians, Phoenicians, Arameans, Egyptians, Aksumite Empire, Harappas, Dupta empire, Olmecs, Nazca, Incas, etc. You can completely have collapse (maybe even extinction) w/o climate being the cause. I understand this is important issue to many of you - I agree it's important. I think it's OK to agree to disagree that this is the only legitimate form of collapse given that such a vast amount of civilizations already collapsed not based on climate.

**Update II:**

In truth I wrote this because this essay ([here](https://link.springer.com/chapter/10.1007/978-3-030-94137-6_6) \- it's open source) was my introduction to the notion of global collapse. I just couldn't believe I was seeing everything they discussed literally finally happening (tipping points, synchronous failures, contagions, cascades) so I thought to make this post because I believe ""we're finally here"".",919,AIAddict1935,0,https://reddit.com/r/collapse/comments/1h72pc9/wow_collapse_is_happening_right_now_we_in_this/,-0.9883,0.067,0.134,0.799,0.1087,-0.4398,Negative,3674
2025-02-14,2025-02-14 00:49:58,Reddit,search_result,Aliexpress,"Chinese Sellers In Panic Over Trump Tariffs, Di Minimis","Since the Trump tariff Executive Orders, I have been interested in learning what Chinese sellers and platforms are thinking and doing in response. I learned finding out means finding sellers and sources directly connected to the e-commerce marketplace in China. One good source has been Waimaojia, a media platform for the cross-border e-commerce industry. That connection comes through a pricey subscription to the Bloomberg Business platform, which is used by logistics companies, professional buyers, and manufacturers to garner news and info that is more detailed than the general news articles that have been written about this issue.

First, a bit of news. Bloomberg reported yesterday that Temu and Shein are in total meltdown mode this week after watching sales completely crater in the United States. They estimate at least 33-40% sales drops for both the day after Trump announced new tariffs and they predict even bigger sales drops for other Chinese platforms like AliExpress, with suspicion sales collapsed even more after social media reports of consumers getting hit with big brokerage fees from UPS for inbound shipments. That has scared many consumers away from any platform that direct ships from China to the U.S. consumer, fearful of getting hit with a surprise bill.

Temu is ending all direct shipping from China from their own warehouses to U.S. consumers, moving entirely to ‚Äúlocal sellers‚Äù which import, store, and ship products on their own in return for a $2.99 shipping fee for all orders under $30 FROM THAT SELLER. This is a Temu-killer, because almost nobody buys multiple items from a single seller, and most people are looking for goods under $20. That can mean enormous shipping fees on larger orders as Temu charges $2.99 for each seller, not for each order. Also, some local sellers are raising prices 25% because of tariffs and many existing Chinese sellers that depend on Temu for logistics are not going to sell to American customers any longer because they can‚Äôt or won‚Äôt run local warehouses.

Shein is moving sellers to move production to Vietnam to escape American tariffs on Chinese goods. Vietnam, however, does not have the capacity to ship Shein-level quantities of goods and believe it or not older Americans still have an emotional dislike of receiving products and packages from Vietnam. Shein is considering also shipping to the Philippines or Northern Mariana Islands or Guam to remail packages from there. 

Meanwhile, AliExpress is reported to be considering whether it should restrict non-Choice items from selling to the US. The anticipated brokerage fees and dramatically higher shipping costs may make non-Choice sales untenable to the United States. AliExpress needs to do damage control to guarantee customers will not be hit by surprise fees, which they can be if ordering from direct ship sellers. AliExpress already allows sellers to easily block orders for U.S. consumers with messages stating the product cannot be shipped or is unavailable so a change would be easy to implement. If adopted for U.S. customers, only Choice items would be available for purchase, which are already bulk shipped in containers to the U.S. 

Sellers have received regular updates about these changes and while the platforms are publicly downplaying the impact of losing American business, it is clear to Waimaojia the results will be devastating to Chinese manufacturers, especially smaller ones catering to dropshippers and budget minded consumers. They expect as much as 30% of manufacturing capacity targeting this market segment will close down permanently if the Trump tariffs apply to formerly di minimis-waived packages. The American market is by far the most important to Chinese sellers, even though they have made gains in Europe and Latin America. The Europeans are also cracking down on Chinese sellers over safety issues, so the heavy blows are not over yet.

Chinese sellers expect and are seeking retaliatory actions against the Trump Administration in hopes Trump will back down. Until now, there has been no effort to educate American consumers about how Trump‚Äôs policies will impact customers, but that may change. Temu has modified its late arrival discount, telling shoppers due to changes in tariffs and shipping rules, delays are expected with no compensation until the shipment exceeds 14 days past last expected arrival date. A new line item ‚Äútariffs and processing fees‚Äù tax applied to U.S. orders is also under discussion, but there are fears this would cause many customers to abandon their shopping carts. Retailers want consumers to blame the Trump Administration, not them.","Chinese Sellers In Panic Over Trump Tariffs, Di Minimis Since the Trump tariff Executive Orders, I have been interested in learning what Chinese sellers and platforms are thinking and doing in response. I learned finding out means finding sellers and sources directly connected to the e-commerce marketplace in China. One good source has been Waimaojia, a media platform for the cross-border e-commerce industry. That connection comes through a pricey subscription to the Bloomberg Business platform, which is used by logistics companies, professional buyers, and manufacturers to garner news and info that is more detailed than the general news articles that have been written about this issue.

First, a bit of news. Bloomberg reported yesterday that Temu and Shein are in total meltdown mode this week after watching sales completely crater in the United States. They estimate at least 33-40% sales drops for both the day after Trump announced new tariffs and they predict even bigger sales drops for other Chinese platforms like AliExpress, with suspicion sales collapsed even more after social media reports of consumers getting hit with big brokerage fees from UPS for inbound shipments. That has scared many consumers away from any platform that direct ships from China to the U.S. consumer, fearful of getting hit with a surprise bill.

Temu is ending all direct shipping from China from their own warehouses to U.S. consumers, moving entirely to ‚Äúlocal sellers‚Äù which import, store, and ship products on their own in return for a $2.99 shipping fee for all orders under $30 FROM THAT SELLER. This is a Temu-killer, because almost nobody buys multiple items from a single seller, and most people are looking for goods under $20. That can mean enormous shipping fees on larger orders as Temu charges $2.99 for each seller, not for each order. Also, some local sellers are raising prices 25% because of tariffs and many existing Chinese sellers that depend on Temu for logistics are not going to sell to American customers any longer because they can‚Äôt or won‚Äôt run local warehouses.

Shein is moving sellers to move production to Vietnam to escape American tariffs on Chinese goods. Vietnam, however, does not have the capacity to ship Shein-level quantities of goods and believe it or not older Americans still have an emotional dislike of receiving products and packages from Vietnam. Shein is considering also shipping to the Philippines or Northern Mariana Islands or Guam to remail packages from there. 

Meanwhile, AliExpress is reported to be considering whether it should restrict non-Choice items from selling to the US. The anticipated brokerage fees and dramatically higher shipping costs may make non-Choice sales untenable to the United States. AliExpress needs to do damage control to guarantee customers will not be hit by surprise fees, which they can be if ordering from direct ship sellers. AliExpress already allows sellers to easily block orders for U.S. consumers with messages stating the product cannot be shipped or is unavailable so a change would be easy to implement. If adopted for U.S. customers, only Choice items would be available for purchase, which are already bulk shipped in containers to the U.S. 

Sellers have received regular updates about these changes and while the platforms are publicly downplaying the impact of losing American business, it is clear to Waimaojia the results will be devastating to Chinese manufacturers, especially smaller ones catering to dropshippers and budget minded consumers. They expect as much as 30% of manufacturing capacity targeting this market segment will close down permanently if the Trump tariffs apply to formerly di minimis-waived packages. The American market is by far the most important to Chinese sellers, even though they have made gains in Europe and Latin America. The Europeans are also cracking down on Chinese sellers over safety issues, so the heavy blows are not over yet.

Chinese sellers expect and are seeking retaliatory actions against the Trump Administration in hopes Trump will back down. Until now, there has been no effort to educate American consumers about how Trump‚Äôs policies will impact customers, but that may change. Temu has modified its late arrival discount, telling shoppers due to changes in tariffs and shipping rules, delays are expected with no compensation until the shipment exceeds 14 days past last expected arrival date. A new line item ‚Äútariffs and processing fees‚Äù tax applied to U.S. orders is also under discussion, but there are fears this would cause many customers to abandon their shopping carts. Retailers want consumers to blame the Trump Administration, not them.",436,dampier,0,https://reddit.com/r/Aliexpress/comments/1ionhhn/chinese_sellers_in_panic_over_trump_tariffs_di/,-0.9136,0.04,0.049,0.911,0.0672,-0.4232,Negative,4704
2025-03-27,2025-03-27 09:23:59,Reddit,search_result,Infographics,Ranked: Harmful Tariffs by Economy,,Ranked: Harmful Tariffs by Economy,0,ukayukay69,0,https://reddit.com/r/Infographics/comments/1jksf87/ranked_harmful_tariffs_by_economy/,0.0,0.0,0.0,1.0,0.0,0.0,Neutral,34
2025-04-03,2025-04-03 05:20:20,Reddit,search_result,Philippines,"17% Tariffs Imposed on the Philippines - Trump Announces ""Reciprocal"" Tariffs",Looks like Trump is speedrunning the isolation of the US in the global economy. There's even no guarantee that tariffs will return industrial jobs in their country. So good luck na lang sa dagdag gastos and inflation ng US citizens.,"17% Tariffs Imposed on the Philippines - Trump Announces ""Reciprocal"" Tariffs Looks like Trump is speedrunning the isolation of the US in the global economy. There's even no guarantee that tariffs will return industrial jobs in their country. So good luck na lang sa dagdag gastos and inflation ng US citizens.",1414,baybum7,0,https://reddit.com/r/Philippines/comments/1jq0708/17_tariffs_imposed_on_the_philippines_trump/,0.6976,0.182,0.103,0.715,0.35,0.5238,Positive,310
2025-04-03,2025-04-03 05:56:48,Reddit,search_result,Infographics,"üìà Trump's U.S. Reciprocal Tariff Rates for Major Exporters (April 2, 2025)",,"üìà Trump's U.S. Reciprocal Tariff Rates for Major Exporters (April 2, 2025)",1345,EconomySoltani,0,https://reddit.com/r/Infographics/comments/1jq130m/trumps_us_reciprocal_tariff_rates_for_major/,0.0,0.0,0.0,1.0,0.0625,0.0312,Neutral,74
2025-04-06,2025-04-06 13:36:22,Reddit,search_result,MapPorn,Trump's new Tariffs on the Pacific Islands,,Trump's new Tariffs on the Pacific Islands,787,Antique-Entrance-229,0,https://reddit.com/r/MapPorn/comments/1jsn23t/trumps_new_tariffs_on_the_pacific_islands/,0.0,0.0,0.0,1.0,0.1364,0.0682,Neutral,42
2025-05-17,2025-05-17 22:46:00,Reddit,search_result,StockMarket,Trump criticizes Walmart for blaming tariffs despite billions in profit last year and urges them to ‚Äòeat the costs‚Äô,Source: [https://truthsocial.com/@realDonaldTrump/posts/114523638623110397](https://truthsocial.com/@realDonaldTrump/posts/114523638623110397),Trump criticizes Walmart for blaming tariffs despite billions in profit last year and urges them to ‚Äòeat the costs‚Äô Source: [https://truthsocial.com/@realDonaldTrump/posts/114523638623110397](https://truthsocial.com/@realDonaldTrump/posts/114523638623110397),54200,callsonreddit,0,https://reddit.com/r/StockMarket/comments/1kouolx/trump_criticizes_walmart_for_blaming_tariffs/,-0.7909,0.0,0.32,0.68,-0.375,-0.583,Negative,125
2025-05-29,2025-05-29 07:19:38,Reddit,search_result,StockMarket,Court says Trump doesn't have the authority to set tariffs,"A federal court on Wednesday ruled President Trump does not have the authority under economic emergency legislation to impose sweeping global tariffs.

Why it matters: The U.S. Court of International Trade's ruling could bring the administration's trade war to a screeching halt.","Court says Trump doesn't have the authority to set tariffs A federal court on Wednesday ruled President Trump does not have the authority under economic emergency legislation to impose sweeping global tariffs.

Why it matters: The U.S. Court of International Trade's ruling could bring the administration's trade war to a screeching halt.",50969,sydneebmusic,0,https://reddit.com/r/StockMarket/comments/1kxvpki/court_says_trump_doesnt_have_the_authority_to_set/,-0.842,0.02,0.198,0.782,0.0667,-0.3877,Negative,338
2025-06-21,2025-06-21 17:11:46,Reddit,search_result,inflation,Trump Tariffs Boast,,Trump Tariffs Boast,25636,Brian_Ghoshery,0,https://reddit.com/r/inflation/comments/1lgsb6x/trump_tariffs_boast/,0.0,0.0,0.0,1.0,0.0,0.0,Neutral,19
2025-06-21,2025-06-21 17:10:58,Reddit,search_result,clevercomebacks,Trump Tariffs Boast...,,Trump Tariffs Boast...,51893,Brian_Ghoshery,0,https://reddit.com/r/clevercomebacks/comments/1lgsaqk/trump_tariffs_boast/,0.0,0.0,0.0,1.0,0.0,0.0,Neutral,22
2025-06-28,2025-06-28 23:56:14,Reddit,search_result,LeopardsAteMyFace,"Local idiot supports and votes for Donald Trump because he thought it would make him rich (?). Orders an $8,000 exhaust and learns he had to pay a 57% tariff on it. Is shocked.",,"Local idiot supports and votes for Donald Trump because he thought it would make him rich (?). Orders an $8,000 exhaust and learns he had to pay a 57% tariff on it. Is shocked.",19112,Classic-Carpet7609,0,https://reddit.com/r/LeopardsAteMyFace/comments/1lmq6nm/local_idiot_supports_and_votes_for_donald_trump/,-0.2732,0.144,0.217,0.638,-0.2812,-0.2772,Negative,176
2025-07-07,2025-07-07 08:30:10,Reddit,search_result,news,Trump and US commerce secretary say tariffs are delayed until 1 August,,Trump and US commerce secretary say tariffs are delayed until 1 August,15247,random_lawstudent,0,https://reddit.com/r/news/comments/1ltgjgh/trump_and_us_commerce_secretary_say_tariffs_are/,-0.2263,0.0,0.16,0.84,0.0,-0.1132,Negative,70
2025-07-10,2025-07-10 09:41:19,Reddit,search_result,NoFilterNews,/r/worldnews - https://asia.nikkei.com/Economy/Trade-war/Trump-tariffs/Philippines-to-face-20-US-tariff-Trump-says-in-letter-to-Marcos,"/r/worldnews  
https://asia.nikkei.com/Economy/Trade-war/Trump-tariffs/Philippines-to-face-20-US-tariff-Trump-says-in-letter-to-Marcos","/r/worldnews - https://asia.nikkei.com/Economy/Trade-war/Trump-tariffs/Philippines-to-face-20-US-tariff-Trump-says-in-letter-to-Marcos /r/worldnews  
https://asia.nikkei.com/Economy/Trade-war/Trump-tariffs/Philippines-to-face-20-US-tariff-Trump-says-in-letter-to-Marcos",0,Faction_Chief,0,https://reddit.com/r/NoFilterNews/comments/1lw0hx6/rworldnews/,0.0,0.0,0.0,1.0,0.0,0.0,Neutral,28
2025-07-10,2025-07-10 07:35:58,Reddit,search_result,PHStrategy,USA TO INCREASE TARIFF TO PHILIPPINES FROM 17% TO 20%,,USA TO INCREASE TARIFF TO PHILIPPINES FROM 17% TO 20%,1,OddPhilosopher1195,0,https://reddit.com/r/PHStrategy/comments/1lvxv35/usa_to_increase_tariff_to_philippines_from_17_to/,0.4648,0.252,0.0,0.748,0.0,0.2324,Positive,53
2025-07-10,2025-07-10 03:42:25,Reddit,search_result,newsPH,Trump sets 20% tariff rate for Philippines,"US President Donald Trump on Wednesday issued a round of tariff letters to seven countries, Algeria, Brunei, Iraq, Libya, Moldova, Sri Lanka and the Philippines.  
  
Read the full story: [Trump sets 20% tariff rate for Philippines](https://www.gmanetwork.com/news/money/economy/952104/trump-imposes-20-tariff-rate-for-philippines/story/?fbclid=IwY2xjawLbpTdleHRuA2FlbQIxMABicmlkETFqQzhxSXNMUGlncmZURGlzAR5BppF_Al7-nsJ7y6-vE65gXEVO6859qBVRVLv4NBEhYj1wBW3ubihRBvMcrQ_aem_DSYtrZU1C45xLs0OUsZ3XA)","Trump sets 20% tariff rate for Philippines US President Donald Trump on Wednesday issued a round of tariff letters to seven countries, Algeria, Brunei, Iraq, Libya, Moldova, Sri Lanka and the Philippines.  
  
Read the full story: [Trump sets 20% tariff rate for Philippines](https://www.gmanetwork.com/news/money/economy/952104/trump-imposes-20-tariff-rate-for-philippines/story/?fbclid=IwY2xjawLbpTdleHRuA2FlbQIxMABicmlkETFqQzhxSXNMUGlncmZURGlzAR5BppF_Al7-nsJ7y6-vE65gXEVO6859qBVRVLv4NBEhYj1wBW3ubihRBvMcrQ_aem_DSYtrZU1C45xLs0OUsZ3XA)",13,GMAIntegratedNews,0,https://reddit.com/r/newsPH/comments/1lvs8dq/trump_sets_20_tariff_rate_for_philippines/,0.0,0.0,0.0,1.0,-0.2,-0.1,Negative,276
2025-07-10,2025-07-10 01:14:26,Reddit,post,Philippines,Trump imposes 20% tariff for rate for Philippines,"WASHINGTON¬†‚Äî US President Donald Trump on Wednesday issued a round of tariff letters to six countries, Algeria, Brunei, Iraq, Libya, Moldova and the Philippines.

The letters call for tariffs of 30% on Algeria, 25% on Brunei, 30% on Iraq, 30% on Libya, 25% on Moldova and 20% on the Philippines.

In the letter, Trump said the 20% tariff for the Philippines will go in effect on August 1.

Before this, Trump issued letters to South Korea and Japan, imposing 25% tariffs on each country's goods.¬†‚Äî Reuters

[Link](https://www.gmanetwork.com/news/money/economy/952104/trump-imposes-20-tariff-rate-for-philippines/story/?fbclid=IwQ0xDSwLbgXZjbGNrAtuBcmV4dG4DYWVtAjExAAEe-Vs2GgNHWCSkA8d-jezpjdGj3NmW4bCS6t8HV5vFBg7batC3uqLQQDl3InU_aem_8oEnfZuCuBbQJNp6jSWcqA) to full article.","Trump imposes 20% tariff for rate for Philippines WASHINGTON¬†‚Äî US President Donald Trump on Wednesday issued a round of tariff letters to six countries, Algeria, Brunei, Iraq, Libya, Moldova and the Philippines.

The letters call for tariffs of 30% on Algeria, 25% on Brunei, 30% on Iraq, 30% on Libya, 25% on Moldova and 20% on the Philippines.

In the letter, Trump said the 20% tariff for the Philippines will go in effect on August 1.

Before this, Trump issued letters to South Korea and Japan, imposing 25% tariffs on each country's goods.¬†‚Äî Reuters

[Link](https://www.gmanetwork.com/news/money/economy/952104/trump-imposes-20-tariff-rate-for-philippines/story/?fbclid=IwQ0xDSwLbgXZjbGNrAtuBcmV4dG4DYWVtAjExAAEe-Vs2GgNHWCSkA8d-jezpjdGj3NmW4bCS6t8HV5vFBg7batC3uqLQQDl3InU_aem_8oEnfZuCuBbQJNp6jSWcqA) to full article.",1370,Gyro_Armadillo,0,https://reddit.com/r/Philippines/comments/1lvofdb/trump_imposes_20_tariff_for_rate_for_philippines/,-0.2023,0.0,0.029,0.971,0.075,-0.0637,Neutral,581
2025-07-10,2025-07-10 01:21:46,Reddit,comment,Philippines,,"So, Americans will pay an extra 20% or more for products from the Philippines. Got it.

EDIT:

1. I'm not saying this is good for the Philippines. Obviously it will have a negative effect on our exports to the US. My point is that this is being sold by Trump and the Republicans as ""other countries paying the tariffs"".

2. Sure, the tariffs MIGHT be partially absorbed by the exporter and/or the importing companies, but they won't be doing that for long, if they even do it. Remember, a business' main goal is to make money. And the only way they will make money is to raise prices. Heck, some businesses have already raised prices even if they aren't affected by tarrifs.

3. Yes tarrifs can be a way to encourage businesses to move their manufacturing locally, but what Trump is doing is just randomly dishing out numbers to random countries. There is no ""long term economic plan"" other than to grift and enrich the already super rich.


This is also why they passed the ""Big Beautiful Bill"". Raise the debt ceiling to borrow more money, slash taxes for the billionaires, and destroy public services.

Seeing the comments about overseas Pinoys mostly voting MAGA is very disheartening. You left the Philippines because of the rampant corruption, and that you thought there was no opportunity for you to prosper there, yet you actively want the same shit to happen to your new home countries.

It's time to do some self reflection.","So, Americans will pay an extra 20% or more for products from the Philippines. Got it.

EDIT:

1. I'm not saying this is good for the Philippines. Obviously it will have a negative effect on our exports to the US. My point is that this is being sold by Trump and the Republicans as ""other countries paying the tariffs"".

2. Sure, the tariffs MIGHT be partially absorbed by the exporter and/or the importing companies, but they won't be doing that for long, if they even do it. Remember, a business' main goal is to make money. And the only way they will make money is to raise prices. Heck, some businesses have already raised prices even if they aren't affected by tarrifs.

3. Yes tarrifs can be a way to encourage businesses to move their manufacturing locally, but what Trump is doing is just randomly dishing out numbers to random countries. There is no ""long term economic plan"" other than to grift and enrich the already super rich.


This is also why they passed the ""Big Beautiful Bill"". Raise the debt ceiling to borrow more money, slash taxes for the billionaires, and destroy public services.

Seeing the comments about overseas Pinoys mostly voting MAGA is very disheartening. You left the Philippines because of the rampant corruption, and that you thought there was no opportunity for you to prosper there, yet you actively want the same shit to happen to your new home countries.

It's time to do some self reflection.",1285,Agent168,0,,0.8214,0.126,0.1,0.774,0.1017,0.4616,Positive,1434
2025-07-10,2025-07-10 02:30:14,Reddit,search_result,StockMarket,"Trump Announces New Tariffs: 30% on Algeria, Iraq, Libya, Sri Lanka; 25% on Brunei, Moldova; 20% on Philippines ‚Äî Effective Aug 1",,"Trump Announces New Tariffs: 30% on Algeria, Iraq, Libya, Sri Lanka; 25% on Brunei, Moldova; 20% on Philippines ‚Äî Effective Aug 1",744,callsonreddit,0,https://reddit.com/r/StockMarket/comments/1lvqe8d/trump_announces_new_tariffs_30_on_algeria_iraq/,0.4767,0.14,0.0,0.86,0.3682,0.4224,Positive,129
2025-07-10,2025-07-10 08:38:37,Reddit,search_result,worldnews,"Philippines to face 20% US tariff, Trump says in letter to Marcos",,"Philippines to face 20% US tariff, Trump says in letter to Marcos",626,bkun9,0,https://reddit.com/r/worldnews/comments/1lvz71w/philippines_to_face_20_us_tariff_trump_says_in/,0.0,0.0,0.0,1.0,0.0,0.0,Neutral,65
2025-07-11,2025-07-11 00:12:29,Reddit,search_result,MurderedByWords,Trump Imposes Copper Tariff,,Trump Imposes Copper Tariff,38977,CapitanJackSparow-33,0,https://reddit.com/r/MurderedByWords/comments/1lwgr2s/trump_imposes_copper_tariff/,-0.1027,0.0,0.318,0.682,0.0,-0.0513,Neutral,27
2025-07-12,2025-07-12 20:46:18,Reddit,search_result,worldnews,Trump announces 30% tariffs on EU and Mexico,,Trump announces 30% tariffs on EU and Mexico,17430,PseudoY,0,https://reddit.com/r/worldnews/comments/1lxzlyn/trump_announces_30_tariffs_on_eu_and_mexico/,0.0,0.0,0.0,1.0,0.0,0.0,Neutral,44
2025-07-18,2025-07-18 19:30:02,Reddit,search_result,goodnews,Trump Admin Insider Blows Lid Off Tariffs: ‚ÄòIt‚Äôs All Fake‚Äô,,Trump Admin Insider Blows Lid Off Tariffs: ‚ÄòIt‚Äôs All Fake‚Äô,31788,CandleSuccessful7132,0,https://reddit.com/r/goodnews/comments/1m2zu6k/trump_admin_insider_blows_lid_off_tariffs_its_all/,0.0,0.0,0.0,1.0,-0.5,-0.25,Negative,58
2025-07-23,2025-07-23 01:51:13,Reddit,search_result,XGramatikInsights,"Trump has cut tariff on Philippine goods to 19% from 20%. Maybe it's a breakthrough. Hard to say what it is. It's cool, right?",,"Trump has cut tariff on Philippine goods to 19% from 20%. Maybe it's a breakthrough. Hard to say what it is. It's cool, right?",25,XGramatik,0,https://reddit.com/r/XGramatikInsights/comments/1m6kyxa/trump_has_cut_tariff_on_philippine_goods_to_19/,-0.0516,0.089,0.136,0.775,0.1147,0.0315,Neutral,126
2025-07-23,2025-07-23 07:53:02,Reddit,search_result,worldnews,Trump says Philippines will pay 19% tariff while US pays no tariffs under deal with leader Marcos,,Trump says Philippines will pay 19% tariff while US pays no tariffs under deal with leader Marcos,3724,CryMoreFanboys,0,https://reddit.com/r/worldnews/comments/1m6u6ji/trump_says_philippines_will_pay_19_tariff_while/,-0.3818,0.0,0.194,0.806,0.0,-0.1909,Negative,97
2025-07-23,2025-07-23 07:21:27,Reddit,search_result,StockMarket,"Trump Announces $550B Japan Deal: U.S. Gets 90% Profit, 15% Tariffs",Source: https://truthsocial.com/@realDonaldTrump/114899417740854572,"Trump Announces $550B Japan Deal: U.S. Gets 90% Profit, 15% Tariffs Source: https://truthsocial.com/@realDonaldTrump/114899417740854572",7887,callsonreddit,0,https://reddit.com/r/StockMarket/comments/1m6tgnz/trump_announces_550b_japan_deal_us_gets_90_profit/,0.4404,0.209,0.0,0.791,0.0,0.2202,Positive,75
2025-07-23,2025-07-23 10:36:17,Reddit,search_result,DegenBets,"Trump announces new trade deal with the Philippines, The US will pay zero tariffs and the Philippines will pay 19% tariff.",,"Trump announces new trade deal with the Philippines, The US will pay zero tariffs and the Philippines will pay 19% tariff.",198,AlphaFlipper,0,https://reddit.com/r/DegenBets/comments/1m6xo3d/trump_announces_new_trade_deal_with_the/,-0.2023,0.0,0.128,0.872,0.1364,-0.033,Neutral,122
2025-07-23,2025-07-23 02:11:49,Reddit,search_result,worldnews,President Trump announces a tariff trade deal with the Philippines after meeting with President Marcos today,,President Trump announces a tariff trade deal with the Philippines after meeting with President Marcos today,848,a_Delorean,0,https://reddit.com/r/worldnews/comments/1m6lj7r/president_trump_announces_a_tariff_trade_deal/,0.0,0.0,0.0,1.0,0.0,0.0,Neutral,108
2025-07-23,2025-07-23 08:35:24,Reddit,search_result,newsPH,Trump agrees to small reduction in Philippine tariffs,"US President Donald Trump agreed Tuesday to reduce threatened tariffs on the Philippines, but only by one percentage point, after what he termed a successful meeting with his counterpart Ferdinand Marcos Jr.



Welcoming Marcos to the White House, Trump called him a ""very tough negotiator"" and said: ""We're very close to finishing a trade deal -- a big trade deal, actually.""



Read: [https://www.philstar.com/business/2025/07/23/2460086/trump-agrees-small-reduction-philippine-tariffs](https://www.philstar.com/business/2025/07/23/2460086/trump-agrees-small-reduction-philippine-tariffs)

","Trump agrees to small reduction in Philippine tariffs US President Donald Trump agreed Tuesday to reduce threatened tariffs on the Philippines, but only by one percentage point, after what he termed a successful meeting with his counterpart Ferdinand Marcos Jr.



Welcoming Marcos to the White House, Trump called him a ""very tough negotiator"" and said: ""We're very close to finishing a trade deal -- a big trade deal, actually.""



Read: [https://www.philstar.com/business/2025/07/23/2460086/trump-agrees-small-reduction-philippine-tariffs](https://www.philstar.com/business/2025/07/23/2460086/trump-agrees-small-reduction-philippine-tariffs)",163,philstar_news,0,https://reddit.com/r/newsPH/comments/1m6v3zl/trump_agrees_to_small_reduction_in_philippine/,0.8321,0.158,0.055,0.788,-0.0617,0.3852,Positive,441
2025-07-23,2025-07-23 08:15:43,Reddit,search_result,u_Worthy_News,"Trump Announces Major Trade Agreements With Japan, Indonesia, and the Philippines Ahead of August Tariff Deadline","Trump Announces Major Trade Agreements With Japan, Indonesia, and the Philippines Ahead of August Tariff Deadline\
\
by Worthy News Washington D.C. Bureau Staff\
\
(Worthy News) - President Donald Trump on Tuesday unveiled a series of sweeping trade deals with Japan, Indonesia, and the Philippines, touting them as landmark achievements in his administration's drive to rebalance global trade before new tariff levels take effect August 1.\
\
In a series of posts on Truth Social, Trump called the deal with Japan ""perhaps the largest Deal ever made,"" declaring that the U.S. would receive 90% of profits from a $550 billion investment by Japan into the American economy. The agreement also includes expanded access for U.S. products--particularly automobiles, rice, and other agricultural goods--into the Japanese market. In return, Japan will pay a 15% reciprocal tariff on its exports to the U.S., a reduction from the 25% Trump previously proposed.\
\
""This Deal will create Hundreds of Thousands of Jobs--There has never been anything like it,"" Trump wrote. ""This is a very exciting time for the United States of America.""\
\
While Japanese officials have not yet confirmed all the details, the announcement represents a significant breakthrough in trade negotiations that had stalled for months over auto tariffs and national security-related levies. The agreement's terms remain unclear on whether Japan will be exempted from separate 25% tariffs on automobiles or 50% on steel and aluminum.\
\
Earlier Tuesday, the Trump administration released full details of a $50 billion trade framework with Indonesia, the world's fourth-most populous nation. The deal eliminates tariffs on 99% of American exports to Indonesia and slashes U.S. tariffs on Indonesian goods from a threatened 32% to 19%. However, goods with substantial content from third-party nations like China will be subject to a steep 40% levy under new transshipment rules.\
\
""This deal is a HUGE WIN for our Automakers, Tech Companies, Workers, Farmers, Ranchers, and Manufacturers,"" Trump said, highlighting Indonesia's commitments to purchase U.S. aircraft, energy, and agricultural goods. Indonesia also agreed to accept U.S. safety standards for cars and medical equipment, remove pre-shipment inspections, drop plans to tax cross-border digital services, and supply critical minerals vital to U.S. industries.\
\
The Indonesia agreement also includes enforceable labor provisions--banning forced labor imports and guaranteeing workers' rights to collective bargaining. White House officials confirmed the deal resolves multiple longstanding grievances outlined in the U.S. Trade Representative's 2025 National Trade Estimate Report.\
\
Later in the day, President Trump confirmed the finalization of a U.S.-Philippines trade and military partnership following a White House meeting with President Ferdinand Marcos Jr. Under the agreement, Filipino exports to the U.S. will face a 19% tariff, while U.S. goods will enter the Philippines duty-free. Trump had previously warned of a 20% tariff if a deal wasn't reached by August 1.\
\
""It was a beautiful visit, and we concluded our Trade Deal, whereby The Philippines is going OPEN MARKET with the United States, and ZERO Tariffs,"" Trump wrote. ""He  is a very good, and tough, negotiator.""\
\
The deal includes provisions to remove import restrictions, resolve longstanding intellectual property disputes, and open negotiations on digital trade, services, and investment. A military cooperation clause was also established, though specific terms remain undisclosed.\
\
Together, the three agreements mark the latest chapter in Trump's aggressive bilateral trade reset ahead of his self-imposed August 1 deadline. The president has issued letters to dozens of nations, demanding new trade terms or risk facing preset tariff rates. So far, new deals have been concluded with the U.K., Vietnam, and now Japan, Indonesia, and the Philippines.\
\
Treasury Secretary Scott Bessent suggested Tuesday that an upcoming deadline with China might be extended. ""We've actually moved to a new level with China,"" Bessent said, noting that Swedish Prime Minister Ulf Kristersson will host the next round of U.S.-China trade talks.\
\
Commerce Secretary Howard Lutnick added that the U.S. intends to impose a baseline 10% tariff on small economies across Latin America, the Caribbean, and Africa unless favorable deals are reached. ""Bigger economies will either open themselves up or they'll pay a fair tariff to America,"" Lutnick said.\
\
As Trump moves forward with broader tariff policies, he continues to defend the economic strategy as a way to bring manufacturing back to the U.S., fund domestic priorities, and reduce trade deficits. White House officials insisted the administration expects minimal inflationary impact, citing complementary tax cuts and investment incentives passed earlier this month.\
\
With just days left before the August deadline, attention now shifts to upcoming executive orders that will implement the announced deals--and to further negotiations with remaining holdout countries, particularly within the European Union. \
\
https://www.worthynews.com/107104-trump-announces-major-trade-agreements-with-japan-indonesia-and-the-philippines-ahead-of-august-tariff-deadline?fsp_sid=14263","Trump Announces Major Trade Agreements With Japan, Indonesia, and the Philippines Ahead of August Tariff Deadline Trump Announces Major Trade Agreements With Japan, Indonesia, and the Philippines Ahead of August Tariff Deadline\
\
by Worthy News Washington D.C. Bureau Staff\
\
(Worthy News) - President Donald Trump on Tuesday unveiled a series of sweeping trade deals with Japan, Indonesia, and the Philippines, touting them as landmark achievements in his administration's drive to rebalance global trade before new tariff levels take effect August 1.\
\
In a series of posts on Truth Social, Trump called the deal with Japan ""perhaps the largest Deal ever made,"" declaring that the U.S. would receive 90% of profits from a $550 billion investment by Japan into the American economy. The agreement also includes expanded access for U.S. products--particularly automobiles, rice, and other agricultural goods--into the Japanese market. In return, Japan will pay a 15% reciprocal tariff on its exports to the U.S., a reduction from the 25% Trump previously proposed.\
\
""This Deal will create Hundreds of Thousands of Jobs--There has never been anything like it,"" Trump wrote. ""This is a very exciting time for the United States of America.""\
\
While Japanese officials have not yet confirmed all the details, the announcement represents a significant breakthrough in trade negotiations that had stalled for months over auto tariffs and national security-related levies. The agreement's terms remain unclear on whether Japan will be exempted from separate 25% tariffs on automobiles or 50% on steel and aluminum.\
\
Earlier Tuesday, the Trump administration released full details of a $50 billion trade framework with Indonesia, the world's fourth-most populous nation. The deal eliminates tariffs on 99% of American exports to Indonesia and slashes U.S. tariffs on Indonesian goods from a threatened 32% to 19%. However, goods with substantial content from third-party nations like China will be subject to a steep 40% levy under new transshipment rules.\
\
""This deal is a HUGE WIN for our Automakers, Tech Companies, Workers, Farmers, Ranchers, and Manufacturers,"" Trump said, highlighting Indonesia's commitments to purchase U.S. aircraft, energy, and agricultural goods. Indonesia also agreed to accept U.S. safety standards for cars and medical equipment, remove pre-shipment inspections, drop plans to tax cross-border digital services, and supply critical minerals vital to U.S. industries.\
\
The Indonesia agreement also includes enforceable labor provisions--banning forced labor imports and guaranteeing workers' rights to collective bargaining. White House officials confirmed the deal resolves multiple longstanding grievances outlined in the U.S. Trade Representative's 2025 National Trade Estimate Report.\
\
Later in the day, President Trump confirmed the finalization of a U.S.-Philippines trade and military partnership following a White House meeting with President Ferdinand Marcos Jr. Under the agreement, Filipino exports to the U.S. will face a 19% tariff, while U.S. goods will enter the Philippines duty-free. Trump had previously warned of a 20% tariff if a deal wasn't reached by August 1.\
\
""It was a beautiful visit, and we concluded our Trade Deal, whereby The Philippines is going OPEN MARKET with the United States, and ZERO Tariffs,"" Trump wrote. ""He  is a very good, and tough, negotiator.""\
\
The deal includes provisions to remove import restrictions, resolve longstanding intellectual property disputes, and open negotiations on digital trade, services, and investment. A military cooperation clause was also established, though specific terms remain undisclosed.\
\
Together, the three agreements mark the latest chapter in Trump's aggressive bilateral trade reset ahead of his self-imposed August 1 deadline. The president has issued letters to dozens of nations, demanding new trade terms or risk facing preset tariff rates. So far, new deals have been concluded with the U.K., Vietnam, and now Japan, Indonesia, and the Philippines.\
\
Treasury Secretary Scott Bessent suggested Tuesday that an upcoming deadline with China might be extended. ""We've actually moved to a new level with China,"" Bessent said, noting that Swedish Prime Minister Ulf Kristersson will host the next round of U.S.-China trade talks.\
\
Commerce Secretary Howard Lutnick added that the U.S. intends to impose a baseline 10% tariff on small economies across Latin America, the Caribbean, and Africa unless favorable deals are reached. ""Bigger economies will either open themselves up or they'll pay a fair tariff to America,"" Lutnick said.\
\
As Trump moves forward with broader tariff policies, he continues to defend the economic strategy as a way to bring manufacturing back to the U.S., fund domestic priorities, and reduce trade deficits. White House officials insisted the administration expects minimal inflationary impact, citing complementary tax cuts and investment incentives passed earlier this month.\
\
With just days left before the August deadline, attention now shifts to upcoming executive orders that will implement the announced deals--and to further negotiations with remaining holdout countries, particularly within the European Union. \
\
https://www.worthynews.com/107104-trump-announces-major-trade-agreements-with-japan-indonesia-and-the-philippines-ahead-of-august-tariff-deadline?fsp_sid=14263",1,Worthy_News,0,https://reddit.com/r/u_Worthy_News/comments/1m6up1l/trump_announces_major_trade_agreements_with_japan/,0.9914,0.103,0.055,0.841,0.1013,0.5463,Positive,5280
2025-07-23,2025-07-23 12:52:36,Reddit,search_result,GeopoliticsInsight,Trump Announces Major Trade Deals with Japan and the Philippines Ahead of Tariff Deadline,"In a bold move just days before the August 1 tariff deadline, President Trump has unveiled sweeping trade deals with both Japan and the Philippines.

On Truth Social, Trump touted the agreement with Japan as ‚Äúperhaps the largest Deal ever made.‚Äù As part of the deal, U.S. importers will now face a 15% reciprocal tariff on Japanese goods‚Äîwhile Japan is expected to invest a staggering $550 billion into the U.S. economy.

The Philippines deal involves a 19% tariff on imports headed to the U.S., while Manila will drop duties on American products. These announcements follow recent U.S. trade agreements with the UK and Vietnam, suggesting a broader pivot in Washington‚Äôs global trade playbook.

This marks a significant shift in U.S. trade strategy‚Äîblending pressure tactics with high-stakes economic diplomacy. Could these deals reshape America‚Äôs position in Asia-Pacific trade? And what does it mean for the broader balance of influence in the region?","Trump Announces Major Trade Deals with Japan and the Philippines Ahead of Tariff Deadline In a bold move just days before the August 1 tariff deadline, President Trump has unveiled sweeping trade deals with both Japan and the Philippines.

On Truth Social, Trump touted the agreement with Japan as ‚Äúperhaps the largest Deal ever made.‚Äù As part of the deal, U.S. importers will now face a 15% reciprocal tariff on Japanese goods‚Äîwhile Japan is expected to invest a staggering $550 billion into the U.S. economy.

The Philippines deal involves a 19% tariff on imports headed to the U.S., while Manila will drop duties on American products. These announcements follow recent U.S. trade agreements with the UK and Vietnam, suggesting a broader pivot in Washington‚Äôs global trade playbook.

This marks a significant shift in U.S. trade strategy‚Äîblending pressure tactics with high-stakes economic diplomacy. Could these deals reshape America‚Äôs position in Asia-Pacific trade? And what does it mean for the broader balance of influence in the region?",6,MitKatAdvisory,0,https://reddit.com/r/GeopoliticsInsight/comments/1m70apn/trump_announces_major_trade_deals_with_japan_and/,0.782,0.074,0.033,0.894,0.0538,0.4179,Positive,1044
2025-07-23,2025-07-23 22:51:39,Reddit,search_result,WallStreetbetsELITE,The Philippines Trade Deal,,The Philippines Trade Deal,89,Zealousideal-Sky-973,0,https://reddit.com/r/WallStreetbetsELITE/comments/1m7bchw/the_philippines_trade_deal/,0.0,0.0,0.0,1.0,0.0,0.0,Neutral,26
2025-07-23,2025-07-23 06:41:56,Reddit,search_result,facepalm,"SHAME on US News and AP! Americans pay Trump's tariffs, NOT the Philippines! BAD HEADLINE!","US News and AP CHICKEN OUT to Trump by LYING about who pays Trump's taxes. 

SHAME 

SHAME

SHAME! ","SHAME on US News and AP! Americans pay Trump's tariffs, NOT the Philippines! BAD HEADLINE! US News and AP CHICKEN OUT to Trump by LYING about who pays Trump's taxes. 

SHAME 

SHAME

SHAME!",186,UnlikelyAdventurer,0,https://reddit.com/r/facepalm/comments/1m6sj4w/shame_on_us_news_and_ap_americans_pay_trumps/,-0.962,0.066,0.428,0.506,-0.8125,-0.8872,Negative,189
2025-07-23,2025-07-23 02:13:22,Reddit,search_result,Philippines,Tariffs now at 19%,,Tariffs now at 19%,1292,Loud_Movie1981,0,https://reddit.com/r/Philippines/comments/1m6lkpe/tariffs_now_at_19/,0.0,0.0,0.0,1.0,0.0,0.0,Neutral,18
2025-07-23,2025-07-23 05:10:54,Reddit,search_result,Philippines,"Trump announces trade deals with the Philippines and Indonesia, setting 19% tariff rate",,"Trump announces trade deals with the Philippines and Indonesia, setting 19% tariff rate",8,ArrantPariah,0,https://reddit.com/r/Philippines/comments/1m6qagb/trump_announces_trade_deals_with_the_philippines/,0.0,0.0,0.0,1.0,0.0,0.0,Neutral,87
2025-07-23,2025-07-23 02:13:23,Reddit,search_result,neoliberal,Trump announces trade agreement with the Philippines and a 19% tariff,,Trump announces trade agreement with the Philippines and a 19% tariff,120,abrookerunsthroughit,0,https://reddit.com/r/neoliberal/comments/1m6lkpu/trump_announces_trade_agreement_with_the/,0.4939,0.262,0.0,0.738,0.0,0.247,Positive,69
2025-07-23,2025-07-23 02:16:04,Reddit,search_result,politics,Trump announces trade agreement with the Philippines and a 19% tariff,,Trump announces trade agreement with the Philippines and a 19% tariff,4,ClassOptimal7655,0,https://reddit.com/r/politics/comments/1m6lnf3/trump_announces_trade_agreement_with_the/,0.4939,0.262,0.0,0.738,0.0,0.247,Positive,69
2025-07-24,2025-07-24 22:05:53,Reddit,search_result,FluentInFinance,Winning the Tariff War: Can the World Economy Handle the Consequences?,"President Trump announced last Tuesday night that a 15% tariff trade agreement with Japan, up from the previous rate of 2%, including the important Japanese automotive industry. This would increase Japan‚Äôs tariff payments from last year's $16 billion to $126 billion, which will help pay down the US debt.

The Japan deal came on the heels of two other deals with Indonesia and the Philippines. The Indonesia deal alone increases the Indonesia tariff payments from last year's $1 billion to just over $7 billion.

Trump knows the US market is the biggest customer in the world, and he thinks other countries should pay for access to US customers and the protection of the U.S. military. So far, the different countries are agreeing to higher tariffs after doing the math of what the consequences would be to their economies if they were priced out of the US market or lost access to it.

The US is earning serious money from tariffs. In June alone, the US Treasury collected $27 billion in customs revenue, a $20 billion increase from June 2024, and it will get even higher after the Japan tariff kicks in.

Although media headlines might suggest that the US is lowering its tariffs, the fact of the matter is that the US is increasing tariffs at a rapid rate. The average effective tariff on all US imports as of July 2nd was just over 13%, well above the 2% rate in 2024, according to JPMorgan Chase, which is the highest since before World War II.

The risk is that Trump could push other countries into tariffs further than what the markets can tolerate. With all the tariff fears, investors might expect the global economy to show signs of slowing, but the US markets are again at all-time highs, and global growth remains a solid 2.5%. Investment, spending, and international trade are all positive, despite the worldwide reworking of the tariff system.

The big fish yet to land is the European Union (EU). The Japan agreement has given the EU optimism that it might be able to achieve a 15% rate, which would be negligible for its markets. They may not like paying more, but they realize they need the US more than the US needs them. That is the penalty for having the weaker hand at the negotiating table.

The China deal isn‚Äôt finalized yet, but it will likely remain around 40%. Canada and Mexico, like the EU, need the US consumer more than the US consumer needs them. Our North American neighbors may not like it, but they will eventually agree to higher tariffs, albeit at a lower rate than the rest of the world. For the stock market, the important thing is that a 15% overall rate, like Japan agreed to, is back in play. And markets seem able to handle it.

The US is the world‚Äôs largest economy and has the largest military. This means that other countries need the US more than the US needs them, and the US is able to dictate terms, which others must live with. So far, the maket likes it, but let‚Äôs hope the deals are not too lopsided as to hamstring the world's economy in the future.

\#FerventWealth

[www.FerventWM.com](http://www.ferventwm.com/)","Winning the Tariff War: Can the World Economy Handle the Consequences? President Trump announced last Tuesday night that a 15% tariff trade agreement with Japan, up from the previous rate of 2%, including the important Japanese automotive industry. This would increase Japan‚Äôs tariff payments from last year's $16 billion to $126 billion, which will help pay down the US debt.

The Japan deal came on the heels of two other deals with Indonesia and the Philippines. The Indonesia deal alone increases the Indonesia tariff payments from last year's $1 billion to just over $7 billion.

Trump knows the US market is the biggest customer in the world, and he thinks other countries should pay for access to US customers and the protection of the U.S. military. So far, the different countries are agreeing to higher tariffs after doing the math of what the consequences would be to their economies if they were priced out of the US market or lost access to it.

The US is earning serious money from tariffs. In June alone, the US Treasury collected $27 billion in customs revenue, a $20 billion increase from June 2024, and it will get even higher after the Japan tariff kicks in.

Although media headlines might suggest that the US is lowering its tariffs, the fact of the matter is that the US is increasing tariffs at a rapid rate. The average effective tariff on all US imports as of July 2nd was just over 13%, well above the 2% rate in 2024, according to JPMorgan Chase, which is the highest since before World War II.

The risk is that Trump could push other countries into tariffs further than what the markets can tolerate. With all the tariff fears, investors might expect the global economy to show signs of slowing, but the US markets are again at all-time highs, and global growth remains a solid 2.5%. Investment, spending, and international trade are all positive, despite the worldwide reworking of the tariff system.

The big fish yet to land is the European Union (EU). The Japan agreement has given the EU optimism that it might be able to achieve a 15% rate, which would be negligible for its markets. They may not like paying more, but they realize they need the US more than the US needs them. That is the penalty for having the weaker hand at the negotiating table.

The China deal isn‚Äôt finalized yet, but it will likely remain around 40%. Canada and Mexico, like the EU, need the US consumer more than the US consumer needs them. Our North American neighbors may not like it, but they will eventually agree to higher tariffs, albeit at a lower rate than the rest of the world. For the stock market, the important thing is that a 15% overall rate, like Japan agreed to, is back in play. And markets seem able to handle it.

The US is the world‚Äôs largest economy and has the largest military. This means that other countries need the US more than the US needs them, and the US is able to dictate terms, which others must live with. So far, the maket likes it, but let‚Äôs hope the deals are not too lopsided as to hamstring the world's economy in the future.

\#FerventWealth

[www.FerventWM.com](http://www.ferventwm.com/)",0,Massive_Bit_6290,0,https://reddit.com/r/FluentInFinance/comments/1m85c6a/winning_the_tariff_war_can_the_world_economy/,0.9712,0.101,0.068,0.83,0.1108,0.541,Positive,3082
